Name,Age,Ht.,Nickname,Endeavor record,MMA record,Weight Class,Weight Class Index,Overall Wins,Overall Losses,UFC Wins,UFC Losses
Andrei Arlovski,40,75.19669999999999,The Pit Bull,16 12 (1 NC),27 18 (2 NC),Heavyweight,0,27, 18,16, 12
Alistair Overeem,38,77.1652,The Reem,11 6,45 17 (1 NC),Heavyweight,0,45, 17,11, 6
Cain Velasquez,36,72.8345,,12 3,14 3,Heavyweight,0,14, 3,12, 3
Fabrício Werdum,41,75.9841,Vai Cavalo,11 6,23 8 1,Heavyweight,0,23, 8 ,11, 6
Junior dos Santos,35,75.9841,Cigano,15 4,21 5,Heavyweight,0,21, 5,15, 4
Todd Duffee,33,75.9841,Irish Car Bomb,3 2,9 3,Heavyweight,0,9 ,3,3 ,2
Ben Rothwell,37,75.9841,,6 5,36 11,Heavyweight,0,36, 11,6 ,5
Daniel Cormier,40,70.866,DC,15 1 (1 NC),22 1 (1 NC),Heavyweight,0,22, 1 ,15, 1 
Stipe Miočić,36,75.9841,,12 3,18 3,Heavyweight,0,18, 3,12, 3
Walt Harris,35,77.1652,The Big Ticket,5 6 (1 NC),12 7 (1 NC),Heavyweight,0,12, 7 ,5 ,6  
Derrick Lewis,34,75.19669999999999,Black Beast,12 5,21 7 (1 NC),Heavyweight,0,21, 7 ,12, 5
Marcos Rogério de Lima,33,72.8345,Pezão,5 5,16 6 1,Heavyweight,0,16, 6 ,5 ,5
Aleksei Oleinik,41,74.01559999999999,The Boa Constrictor,6 3,57 12 1,Heavyweight,0,57, 12,6 ,3
Jarjis Danho,35,75.19669999999999,Man Mountain,0 1 1,5 1 1 (1 NC),Heavyweight,0,5 ,1 1,0 ,1 1
Shamil Abdurakhimov,37,75.19669999999999,Abrek,5 2,20 4,Heavyweight,0,20, 4,5 ,2
Chris de la Rocha,39,75.19669999999999,,1 3,5 3,Heavyweight,0,5 ,3,1 ,3
Francis Ngannou,32,75.9841,The Predator,8 2,13 3,Heavyweight,0,13, 3,8 ,2
Curtis Blaydes,28,75.9841,Razor,6 2 (1 NC),11 2 (1 NC),Heavyweight,0,11, 2 ,6 ,2  
Cyril Asker,33,72.0471,Silverback,2 3,9 4,Heavyweight,0,9 ,4,2 ,3
Marcin Tybura,33,75.19669999999999,Tybur,4 4,17 5,Heavyweight,0,17, 5,4 ,4
Alexander Volkov,30,79.13369999999999,Drago,4 1,30 7,Heavyweight,0,30, 7,4 ,1
Dmitry Smolyakov,36,74.01559999999999,The Lifeguard,0 3,9 3,Heavyweight,0,9 ,3,0 ,3
Daniel Spitz,28,79.13369999999999,Daddy Long Legs,1 2,6 2,Heavyweight,0,6 ,2,1 ,2
Justin Willis,31,75.19669999999999,Big Pretty,4 1,8 2,Heavyweight,0,8 ,2,4 ,1
Júnior Albini,28,75.19669999999999,Baby,1 3,14 5,Heavyweight,0,14, 5,1 ,3
Arjan Bhullar,32,72.8345,Singh,3 1,9 1,Heavyweight,0,9 ,1,3 ,1
Marcelo Golm,26,75.19669999999999,,1 3,6 3,Heavyweight,0,6 ,3,1 ,3
Adam Wieczorek,27,77.1652,Siwy,2 1,10 2,Heavyweight,0,10, 2,2 ,1
Tai Tuivasa,26,74.01559999999999,Bam Bam,3 1,8 1,Heavyweight,0,8 ,1,3 ,1
Allen Crowder,29,75.19669999999999,Pretty Boy,1 1,10 3 (1 NC),Heavyweight,0,10, 3 ,1 ,1
Dmitry Sosnovskiy,29,75.19669999999999,Wicked Machine,1 0,11 0,Heavyweight,0,11, 0,1 ,0
Blagoy Ivanov,32,70.866,Baga,1 1,17 2 (1 NC),Heavyweight,0,17, 2 ,1 ,1
Augusto Sakai,27,75.9841,,2 0,13 1 1,Heavyweight,0,13, 1 ,2 ,0
Sergei Pavlovich,26,75.19669999999999,,1 1,13 1,Heavyweight,0,13, 1,1 ,1
Maurice Greene,32,79.13369999999999,The Pirate,2 0,7 2,Heavyweight,0,7 ,2,2 ,0
Michel Batista,35,75.19669999999999,,0 1,4 1 (1 NC),Heavyweight,0,4 ,1  ,0 ,1
Justin Frazier,29,72.0471,The Grizzly Bear,0 1,10 3,Heavyweight,0,10, 3,0 ,1
Juan Espino,38,75.9841,El Guapo,1 0,9 1,Heavyweight,0,9 ,1,1 ,0
Juan Adams,27,77.1652,The Kraken,1 1,5 1,Heavyweight,0,5 ,1,1 ,1
Greg Hardy,30,77.1652,,1 1,4 1,Heavyweight,0,4 ,1,1 ,1
Jairzinho Rozenstruik,31,74.01559999999999,Bigi Boy,1 0,7 0,Heavyweight,0,7 ,0,1 ,0
Jeff Hughes,30,74.01559999999999,Lights Out,0 1,10 2,Heavyweight,0,10, 2,0 ,1
Serghei Spivac,24,75.19669999999999,The Polar Bear,0 1,9 1,Heavyweight,0,9 ,1,0 ,1
Ed Herman,38,74.01559999999999,Short Fuse,10 11 (1 NC),23 14 (1 NC),Light heavyweight,1,23, 14,10, 11
Maurício Rua,37,72.8345,Shogun,10 9,26 11,Light heavyweight,1,26, 11,10, 9
Jon Jones,31,75.9841,Bones,18 1 (1 NC),24 1 (1 NC),Light heavyweight,1,24, 1 ,18, 1 
Igor Pokrajac,40,72.0471,The Duke,4 8 (1 NC),28 13 (1 NC),Light heavyweight,1,28, 13,4 ,8  
Alexander Gustafsson,32,77.1652,The Mauler,10 5,18 5,Light heavyweight,1,18, 5,10, 5
Antônio Rogério Nogueira,42,74.01559999999999,Minotouro (Little Nog),6 5,23 8,Light heavyweight,1,23, 8,6 ,5
Ovince Saint Preux,36,75.19669999999999,OSP,13 9,23 13,Light heavyweight,1,23, 13,13, 9
Gian Villante,33,74.01559999999999,,10 9,17 11,Light heavyweight,1,17, 11,10, 9
Glover Teixeira,39,74.01559999999999,,12 5,29 7,Light heavyweight,1,29, 7,12, 5
Jimi Manuwa,39,74.01559999999999,Poster Boy,6 5,17 5,Light heavyweight,1,17, 5,6 ,5
Ilir Latifi,35,70.0786,The Sledgehammer,7 4,14 6 (1 NC),Light heavyweight,1,14, 6 ,7 ,4
Thiago Santos,35,72.0471,Marreta,13 5,21 6,Light heavyweight,1,21, 6,13, 5
Nikita Krylov,27,72.0471,The Miner,7 4,25 6,Light heavyweight,1,25, 6,7 ,4
Patrick Cummins,38,74.01559999999999,Durkin,6 6,10 6,Light heavyweight,1,10, 6,6 ,6
Corey Anderson,29,75.19669999999999,Overtime,9 4,12 4,Light heavyweight,1,12, 4,9 ,4
Sam Alvey,33,74.01559999999999,Smile'N,10 7,33 12 (1 NC),Light heavyweight,1,33, 12,10, 7
Jan Blachowicz,36,74.01559999999999,The Prince of Cieszyn,6 5,23 8,Light heavyweight,1,23, 8,6 ,5
Jake Collier,30,75.19669999999999,The Prototype,3 3,11 4,Light heavyweight,1,11, 4,3 ,3
Misha Cirkunov,32,75.19669999999999,,5 3,14 5,Light heavyweight,1,14, 5,5 ,3
Anthony Smith,30,77.1652,Lionheart,9 6,31 14,Light heavyweight,1,31, 14,9 ,6
Ion Cuțelaba,25,72.8345,The Hulk,3 3,14 4 (1 NC),Light heavyweight,1,14, 4 ,3 ,3
Khalil Rountree Jr.,29,72.8345,The War Horse,4 3 (1 NC),8 3 (1 NC),Light heavyweight,1,8 ,3  ,4 ,3  
Devin Clark,30,72.0471,Brown Bear,3 3,9 3,Light heavyweight,1,9 ,3,3 ,3
Justin Ledet,30,75.9841,El Blanco,3 2,9 2 (1 NC),Light heavyweight,1,9 ,2  ,3 ,2
Gadzhimurad Antigulov,32,70.866,,2 2,20 6,Light heavyweight,1,20, 6,2 ,2
Tyson Pedro,27,75.19669999999999,,3 3,7 3,Light heavyweight,1,7 ,3,3 ,3
Saparbek Safarov,32,72.8345,,1 2,9 2,Light heavyweight,1,9 ,2,1 ,2
Paul Craig,31,75.9841,BearJew,3 3,11 3,Light heavyweight,1,11, 3,3 ,3
Bojan Mihajlović,39,70.866,,0 3,10 6,Light heavyweight,1,10, 6,0 ,3
Volkan Oezdemir,29,74.01559999999999,No Time,3 3,15 4,Light heavyweight,1,15, 4,3 ,3
Dominick Reyes,29,75.9841,The Devastator,5 0,11 0,Light heavyweight,1,11, 0,5 ,0
Eryk Anders,32,74.01559999999999,Ya Boy,3 4,11 4,Light heavyweight,1,11, 4,3 ,4
Abdul-Kerim Edilov,27,75.19669999999999,,1 0,17 4,Light heavyweight,1,17, 4,1 ,0
Aleksandar Rakić,27,77.1652,,3 0,11 1,Light heavyweight,1,11, 1,3 ,0
Gökhan Saki,35,72.0471,The Rebel,1 1,1 2,Light heavyweight,1,1 ,2,1 ,1
Hu Yaozong,24,74.01559999999999,Bad Boy,0 2,3 2,Light heavyweight,1,3 ,2,0 ,2
Michał Oleksiejczuk,24,72.0471,Lord,2 0 (1 NC),14 2 (1 NC),Light heavyweight,1,14, 2 ,2 ,0  
Marcin Prachnio,30,75.19669999999999,,0 2,13 4,Light heavyweight,1,13, 4,0 ,2
Magomed Ankalaev,26,74.01559999999999,,2 1,10 1,Light heavyweight,1,10, 1,2 ,1
Mike Rodriguez,30,75.19669999999999,Slow,1 1,10 3,Light heavyweight,1,10, 3,1 ,1
Darko Stošić,27,72.0471,,1 0,13 1,Light heavyweight,1,13, 1,1 ,0
Ryan Spann,27,77.1652,Superman,1 0,15 5,Light heavyweight,1,15, 5,1 ,0
Johnny Walker,27,77.1652,,3 0,17 3,Light heavyweight,1,17, 3,3 ,0
Jimmy Crute,24,74.01559999999999,The Brute,2 0,10 0,Light heavyweight,1,10, 0,2 ,0
Alonzo Menifield,31,72.0471,,1 0,8 0,Light heavyweight,1,8 ,0,1 ,0
Vinicius Moreira,30,75.9841,Mamute,0 1,9 2,Light heavyweight,1,9 ,2,0 ,1
Klidson Abreu,26,74.01559999999999,Urso Branco,0 1,14 3,Light heavyweight,1,14, 3,0 ,1
Nicolae Negumereanu,24,72.8345,Nicu,0 1,9 1,Light heavyweight,1,9 ,1,0 ,1
Kennedy Nzechukwu,26,77.1652,,0 1,6 1,Light heavyweight,1,6 ,1,0 ,1
Anderson Silva,44,74.01559999999999,The Spider,17 5 (1 NC),34 9 (1 NC),Middleweight,2,34, 9 ,17, 5 
Luke Rockhold,34,75.19669999999999,,9 3,16 4,Middleweight,2,16, 4,9 ,3
CB Dollaway,35,74.01559999999999,The Doberman,11 9,17 9,Middleweight,2,17, 9,11, 9
Ronaldo Souza,39,72.8345,Jacaré,12 5,26 7 (1 NC),Middleweight,2,26, 7 ,12, 5
David Branch,37,72.8345,,4 5,22 6,Middleweight,2,22, 6,4 ,5
Tim Boetsch,38,72.0471,The Barbarian,12 12,21 13,Middleweight,2,21, 13,12, 12
Brad Tavares,31,72.8345,,12 5,17 5,Middleweight,2,17, 5,12, 5
Chris Weidman,34,74.01559999999999,The All-American,10 4,14 4,Middleweight,2,14, 4,10, 4
Derek Brunson,35,72.8345,,13 6,19 7,Middleweight,2,19, 7,13, 6
Trevor Smith,38,75.19669999999999,Hot Sauce,7 8,15 9,Middleweight,2,15, 9,7 ,8
Yoel Romero,42,70.0786,Soldier of God,9 3,13 3,Middleweight,2,13, 3,9 ,3
Marcelo Guimarães,35,72.0471,Magrão,2 2,9 2 1,Middleweight,2,9 ,2 1,2 ,2
Hector Lombard,41,68.8975,Lightning,3 8 (1 NC),34 10 1 (2 NC),Middleweight,2,34, 10,3 ,8  
Cezar Ferreira,34,72.8345,Mutante,9 5,13 7,Middleweight,2,13, 7,9 ,5
Robert Whittaker,28,72.0471,The Reaper,11 2,20 4,Middleweight,2,20, 4,11, 2
Uriah Hall,34,72.0471,Prime Time,7 7,14 9,Middleweight,2,14, 9,7 ,7
Antônio Braga Neto,31,75.19669999999999,,1 2,9 3 (1 NC),Middleweight,2,9 ,3  ,1 ,2
Kelvin Gastelum,27,68.8975,,10 4 (1 NC),15 4 (1 NC),Middleweight,2,15, 4 ,10, 4 
Zak Cummings,34,72.0471,,7 3,22 6,Middleweight,2,22, 6,7 ,3
Omari Akhmedov,31,72.0471,Wolverine,6 3 1,18 4 1,Middleweight,2,18, 4 ,6 ,3 1
Krzysztof Jotko,29,72.8345,,7 4,20 4,Middleweight,2,20, 4,7 ,4
Elias Theodorou,30,72.8345,The Spartan,8 3,16 3,Middleweight,2,16, 3,8 ,3
Antônio Carlos Júnior,29,72.8345,Cara de Sapato,7 2 (1 NC),10 2 (1 NC),Middleweight,2,10, 2 ,7 ,2  
Keith Berish,33,72.0471,Sha Bang Bang,0 1 (1 NC),5 1 (1 NC),Middleweight,2,5 ,1  ,0 ,1  
Jared Cannonier,35,70.866,Tha Killa Gorilla,4 4,11 4,Middleweight,2,11, 4,4 ,4
Tom Breese,27,75.19669999999999,The Terror,4 1,11 1,Middleweight,2,11, 1,4 ,1
Jonathan Wilson,31,74.01559999999999,Johnny Bravo,1 3,7 3,Middleweight,2,7 ,3,1 ,3
Alessio Di Chirico,29,72.0471,Manzo,3 2,12 2,Middleweight,2,12, 2,3 ,2
Andrew Sanchez,31,72.8345,El Dirte,4 2,11 4,Middleweight,2,11, 4,4 ,2
Marvin Vettori,25,72.0471,The Italian Dream,2 2 1,12 4 1,Middleweight,2,12, 4 ,2 ,2 1
Jack Hermansson,30,72.8345,The Joker,7 2,20 4,Middleweight,2,20, 4,7 ,2
Jack Marshman,29,72.0471,The Hammer,3 3,23 8,Middleweight,2,23, 8,3 ,3
Darren Stewart,28,70.0786,The Dentist,2 4 (1 NC),9 4 (1 NC),Middleweight,2,9 ,4  ,2 ,4  
Gerald Meerschaert,31,72.8345,GM3,4 3,28 11,Middleweight,2,28, 11,4 ,3
Paulo Costa,28,72.0471,The Eraser,4 0,12 0,Middleweight,2,12, 0,4 ,0
Trevin Giles,26,72.0471,The Problem,2 0,11 0,Middleweight,2,11, 0,2 ,0
Karl Roberson,28,72.8345,Baby K,2 2,7 2,Middleweight,2,7 ,2,2 ,2
Markus Perez,28,74.01559999999999,Maluko,2 2,11 2,Middleweight,2,11, 2,2 ,2
Julian Marquez,29,74.01559999999999,The Cuban Missile Crisis,1 1,7 2,Middleweight,2,7 ,2,1 ,1
Israel Adesanya (IC),29,75.9841,The Last Stylebender,6 0,17 0,Middleweight,2,17, 0,6 ,0
Charles Byrd,35,70.0786,Kid Dynamite,1 2,10 6,Middleweight,2,10, 6,1 ,2
John Phillips,33,70.866,The White Mike Tyson,0 3,21 9 (1 NC),Middleweight,2,21, 9 ,0 ,3
Oskar Piechota,29,72.0471,Imadło,2 1,11 1 1,Middleweight,2,11, 1 ,2 ,1
Abu Azaitar,33,70.0786,Gladiator,1 0,14 1 1 (1 NC),Middleweight,2,14, 1 ,1 ,0
Kevin Holland,26,75.19669999999999,Trailblazer,2 1,14 4,Middleweight,2,14, 4,2 ,1
Khalid Murtazaliev,25,70.866,,1 0,14 2,Middleweight,2,14, 2,1 ,0
Adam Yandiev,30,70.866,Beard,0 1,9 1,Middleweight,2,9 ,1,0 ,1
Ian Heinisch,30,70.866,The Hurricane,1 0,12 1,Middleweight,2,12, 1,1 ,0
Edmen Shahbazyan,21,74.01559999999999,,2 0,9 0,Middleweight,2,9 ,0,2 ,0
Bevon Lewis,28,75.19669999999999,The Extraordinary Gentleman,0 1,6 1,Middleweight,2,6 ,1,0 ,1
Anthony Hernandez,25,72.0471,Fluffy,0 1,7 1,Middleweight,2,7 ,1,0 ,1
Alen Amedovski,31,70.0786,,0 1,8 1,Middleweight,2,8 ,1,0 ,1
Marc-André Barriault,29,72.8345,Power Bar,0 1,11 2,Middleweight,2,11, 2,0 ,1
Robbie Lawler,37,70.866,Ruthless,14 9,28 13 (1 NC),Welterweight,3,28, 13,14, 9
Diego Sanchez,37,70.0786,Nightmare,18 11,29 11,Welterweight,3,29, 11,18, 11
Thiago Alves,35,68.8975,Pitbull,15 10,23 13,Welterweight,3,23, 13,15, 10
Keita Nakamura,34,70.866,K-Taro,4 7,34 10 2 (1 NC),Welterweight,3,34, 10,4 ,7
Carlos Condit,35,74.01559999999999,The Natural Born Killer,12 9,30 13,Welterweight,3,30, 13,12, 9
Matt Brown,38,72.0471,The Immortal,14 10,21 16,Welterweight,3,21, 16,14, 10
Demian Maia,41,72.8345,,20 9,26 9,Welterweight,3,26, 9,20, 9
Ben Saunders,36,74.01559999999999,Killa B,10 9,22 12 2,Welterweight,3,22, 12,10, 9
Dong Hyun Kim,37,72.8345,The Stun Gun,13 4 (1 NC),22 4 1 (1 NC),Welterweight,3,22, 4 ,13, 4 
Rafael dos Anjos,34,68.11009999999999,,17 9,28 11,Welterweight,3,28, 11,17, 9
Anthony Pettis,32,70.0786,Showtime,14 8,22 8,Welterweight,3,22, 8,14, 8
Peter Sobotta,32,72.0471,,4 5,17 6 1,Welterweight,3,17, 6 ,4 ,5
Tyron Woodley,37,68.8975,The Chosen One,11 4 1,19 4 1,Welterweight,3,19, 4 ,11, 4 
Tarec Saffiedine,32,70.0786,Sponge,6 4,16 7,Welterweight,3,16, 7,6 ,4
Court McGee,34,70.866,The Crusher,8 7,19 8,Welterweight,3,19, 8,8 ,7
Jorge Masvidal,34,70.0786,Gamebred,12 7,33 13,Welterweight,3,33, 13,12, 7
Jordan Mein,29,72.0471,Young Gun,7 5,31 12,Welterweight,3,31, 12,7 ,5
Stephen Thompson,36,72.0471,Wonderboy,9 4 1,14 4 1,Welterweight,3,14, 4 ,9 ,4 1
Tim Means,35,74.01559999999999,The Dirty Bird,10 8 (1 NC),28 11 1 (1 NC),Welterweight,3,28, 11,10, 8 
Siyar Bahadurzada,35,70.866,The Great,4 3,24 7 1,Welterweight,3,24, 7 ,4 ,3
Michael Chiesa,31,72.8345,Maverick,8 4,15 4,Welterweight,3,15, 4,8 ,4
Sérgio Moraes,36,70.866,The Panther,8 3 1,14 4 1,Welterweight,3,14, 4 ,8 ,3 1
Gunnar Nelson,30,70.866,Gunni,8 4,17 4 1,Welterweight,3,17, 4 ,8 ,4
Bradley Scott,29,72.8345,Bear,3 5,11 6,Welterweight,3,11, 6,3 ,5
Neil Magny,31,75.19669999999999,,14 6,21 7,Welterweight,3,21, 7,14, 6
Michel Prazeres,37,68.11009999999999,Trator,10 3,26 3,Welterweight,3,26, 3,10, 3
James Krause,32,74.01559999999999,The James Krause,7 5,26 7,Welterweight,3,26, 7,7 ,5
Santiago Ponzinibbio,32,72.0471,Gente Boa,9 2,27 3,Welterweight,3,27, 3,9 ,2
Alex Garcia,31,68.8975,The Dominican Nightmare,5 5,15 6,Welterweight,3,15, 6,5 ,5
Anthony Rocco Martin,29,72.0471,,8 4,16 4,Welterweight,3,16, 4,8 ,4
Cláudio Silva,36,70.866,Hannibal,4 0,13 1,Welterweight,3,13, 1,4 ,0
Sean Strickland,28,70.0786,Tarzan,7 3,20 3,Welterweight,3,20, 3,7 ,3
Chad Laprise,32,70.0786,The Disciple,6 4,13 4,Welterweight,3,13, 4,6 ,4
Nordine Taleb,37,72.8345,,7 4,15 6,Welterweight,3,15, 6,7 ,4
Sheldon Westcott,34,72.8345,,1 2,9 3 1,Welterweight,3,9 ,3 1,1 ,2
Li Jingliang,31,72.0471,The Leech,8 3,16 5,Welterweight,3,16, 5,8 ,3
Warlley Alves,28,70.866,,6 3,12 3,Welterweight,3,12, 3,6 ,3
Jake Matthews,24,68.8975,The Celtic Kid,7 4,14 4,Welterweight,3,14, 4,7 ,4
Dhiego Lima,30,74.01559999999999,,3 5,14 7,Welterweight,3,14, 7,3 ,5
Alan Jouban,36,72.0471,Brahma,7 5,16 7,Welterweight,3,16, 7,7 ,5
Colby Covington,31,70.866,Chaos,9 1,14 1,Welterweight,3,14, 1,9 ,1
Alberto Mina,37,72.0471,Soldier of God,3 1,13 1,Welterweight,3,13, 1,3 ,1
Shinsho Anzai,33,68.11009999999999,Animal,2 2,10 3,Welterweight,3,10, 3,2 ,2
Leon Edwards,27,72.0471,Rocky,9 2,17 3,Welterweight,3,17, 3,9 ,2
Bryan Barberena,30,72.0471,Bam Bam,5 4,14 6,Welterweight,3,14, 6,5 ,4
Alex Oliveira,31,70.866,Cowboy,9 5 (1 NC),19 7 1 (2 NC),Welterweight,3,19, 7 ,9 ,5  
Bartosz Fabinski,33,72.0471,The Butcher,3 1,14 3,Welterweight,3,14, 3,3 ,1
Darren Till,26,72.0471,The Gorilla,5 2 1,17 2 1,Welterweight,3,17, 2 ,5 ,2 1
Elizeu Zaleski dos Santos,32,70.866,Capoeira,7 1,21 5,Welterweight,3,21, 5,7 ,1
Kamaru Usman,31,72.0471,The Nigerian Nightmare,10 0,15 1,Welterweight,3,15, 1,10, 0
Vicente Luque,27,70.866,The Silent Assassin,8 2,15 6 1,Welterweight,3,15, 6 ,8 ,2
Lyman Good,33,72.0471,Cyborg,2 2,20 5 (1 NC),Welterweight,3,20, 5 ,2 ,2
Danny Roberts,31,72.0471,Hot Chocolate,5 3,16 4,Welterweight,3,16, 4,5 ,3
Nathan Coy,40,70.0786,Soulforce,1 2,15 7,Welterweight,3,15, 7,1 ,2
Alex Morono,28,70.866,The Great White,5 2 (1 NC),16 5 (1 NC),Welterweight,3,16, 5 ,5 ,2  
Randy Brown,28,75.19669999999999,Rude Boy,4 3,10 3,Welterweight,3,10, 3,4 ,3
Mickey Gall,27,74.01559999999999,,4 2,5 2,Welterweight,3,5 ,2,4 ,2
Mike Jackson,34,74.01559999999999,The Truth,1 1,1 1,Welterweight,3,1 ,1,1 ,1
Luan Chagas,25,70.866,Tarzan,1 2 1,15 3 1,Welterweight,3,15, 3 ,1 ,2 1
Belal Muhammad,30,70.0786,Remember the Name,6 3,15 3,Welterweight,3,15, 3,6 ,3
Mike Perry,27,70.0786,Platinum,6 4,13 4,Welterweight,3,13, 4,6 ,4
Max Griffin,33,72.0471,Pain,3 4,15 6,Welterweight,3,15, 6,3 ,4
CM Punk,40,74.01559999999999,CM Punk,0 2,0 2,Welterweight,3,0 ,2,0 ,2
Zak Ottow,32,70.866,The Barbarian,4 4,17 7,Welterweight,3,17, 7,4 ,4
Abdul Razak Alhassan,33,70.0786,Judo Thunder,4 1,10 1,Welterweight,3,10, 1,4 ,1
Brian Camozzi,27,74.01559999999999,Mantis,0 3,7 5,Welterweight,3,7 ,5,0 ,3
Emil Meek,30,70.866,Valhalla,1 2,9 4 (1 NC),Welterweight,3,9 ,4  ,1 ,2
Niko Price,29,72.0471,The Hybrid,5 2 (1 NC),13 2 (1 NC),Welterweight,3,13, 2 ,5 ,2  
Luke Jumeau,31,70.866,The Jedi,2 1,13 4,Welterweight,3,13, 4,2 ,1
Frank Camacho,29,68.8975,The Crank,1 3,21 7,Welterweight,3,21, 7,1 ,3
Ramazan Emeev,31,70.0786,Gorets,3 0,18 3,Welterweight,3,18, 3,3 ,0
Salim Touahri,29,70.866,Grizzly,0 2,10 3,Welterweight,3,10, 3,0 ,2
Song Kenan,29,72.0471,The Assassin,2 1,13 4,Welterweight,3,13, 4,2 ,1
Muslim Salikhov,34,70.866,King of Kung Fu,1 1,14 2,Welterweight,3,14, 2,1 ,1
Curtis Millender,31,75.19669999999999,Curtious,3 2,17 5,Welterweight,3,17, 5,3 ,2
Geoff Neal,28,70.866,Handz of Steel,3 0,11 2,Welterweight,3,11, 2,3 ,0
Ricky Rainey,35,72.8345,The Sniper,0 2,13 6,Welterweight,3,13, 6,0 ,2
Carlo Pedersoli,25,70.866,Semento,1 2,11 3,Welterweight,3,11, 3,1 ,2
Chance Rencountre,32,74.01559999999999,Black Eagle,1 1,13 3,Welterweight,3,13, 3,1 ,1
Hector Aldana,30,68.8975,El Charro,0 2,4 2,Welterweight,3,4 ,2,0 ,2
David Zawada,28,72.0471,Sagat,0 2,16 5,Welterweight,3,16, 5,0 ,2
Alexey Kunchenko,35,70.0786,,2 0,20 0,Welterweight,3,20, 0,2 ,0
Stefan Sekulić,27,72.8345,,0 1,12 3,Welterweight,3,12, 3,0 ,1
Luigi Vendramini,23,68.11009999999999,The Italian Stallion,0 1,8 1,Welterweight,3,8 ,1,0 ,1
Laureano Staropoli,26,72.0471,Pepi,1 0,8 1,Welterweight,3,8 ,1,1 ,0
Dwight Grant,34,72.8345,,2 1,10 2,Welterweight,3,10, 2,2 ,1
Kyle Stewart,30,70.0786,Gunz Up,0 1,11 2,Welterweight,3,11, 2,0 ,1
Ismail Naurdiev,22,72.0471,The Austrian Wonderboy,1 0,18 2,Welterweight,3,18, 2,1 ,0
Ben Askren,34,70.0786,Funky,1 0,19 0 (1 NC),Welterweight,3,19, 0 ,1 ,0
Zelim Imadaev,24,72.0471,,0 1,8 1,Welterweight,3,8 ,1,0 ,1
Takashi Sato,28,70.0786,,1 0,15 2,Welterweight,3,15, 2,1 ,0
Kyle Prepolec,29,70.0786,,0 1,12 6,Welterweight,3,12, 6,0 ,1
B.J. Penn,40,68.8975,The Prodigy,12 12 2,16 13 2,Lightweight,4,16, 13,12, 12
Nate Diaz,34,72.0471,,17 10,19 11,Lightweight,4,19, 11,17, 10
Clay Guida,37,66.92899999999999,The Carpenter,15 12,34 18,Lightweight,4,34, 18,15, 12
Joe Lauzon,34,70.0786,J-Lau,14 12,27 15,Lightweight,4,27, 15,14, 12
Donald Cerrone,36,72.0471,Cowboy,29 11 (1 NC),36 11 (1 NC),Lightweight,4,36, 11,29, 11
Dong Hyun Ma,30,70.866,The Maestro,3 3,16 9 3,Lightweight,4,16, 9 ,3 ,3
Jim Miller,35,68.11009999999999,,19 12 (1 NC),30 13 (1 NC),Lightweight,4,30, 13,19, 12
Nik Lentz,34,68.11009999999999,The Carny,14 6 1 (1 NC),30 9 2 (1 NC),Lightweight,4,30, 9 ,14, 6 
Gray Maynard,40,68.11009999999999,The Bully,11 7 1 (1 NC),13 7 1 (1 NC),Lightweight,4,13, 7 ,11, 7 
Erik Koch,30,70.0786,New Breed,7 6,15 6,Lightweight,4,15, 6,7 ,6
Charles Oliveira,29,70.0786,Do Bronx,14 8 (1 NC),26 8 (1 NC),Lightweight,4,26, 8 ,14, 8 
Dustin Poirier,30,68.8975,The Diamond,18 5 (1 NC),25 5 (1 NC),Lightweight,4,25, 5 ,18, 5 
Edson Barboza,33,70.866,Junior,14 7,20 7,Lightweight,4,20, 7,14, 7
John Makdessi,34,68.11009999999999,The Bull,10 6,17 6,Lightweight,4,17, 6,10, 6
Tony Ferguson,35,70.866,El Cucuy,14 1,24 3,Lightweight,4,24, 3,14, 1
Khabib Nurmagomedov,30,70.0786,The Eagle,11 0,27 0,Lightweight,4,27, 0,11, 0
Al Iaquinta,32,66.92899999999999,Raging,9 4,14 5 1,Lightweight,4,14, 5 ,9 ,4
Francisco Trinaldo,40,68.8975,Massaranduba,13 5,23 6,Lightweight,4,23, 6,13, 5
Jon Tuck,34,70.866,The Super Saiyan,4 5,10 5,Lightweight,4,10, 5,4 ,5
Drew Dober,30,68.11009999999999,,6 5 (1 NC),20 9 (1 NC),Lightweight,4,20, 9 ,6 ,5  
Abel Trujillo,35,68.11009999999999,Killa,6 4 (1 NC),15 8 (1 NC),Lightweight,4,15, 8 ,6 ,4  
Rustam Khabilov,32,68.8975,Tiger,9 3,23 4,Lightweight,4,23, 4,9 ,3
Vinc Pichel,36,70.0786,From Hell,4 2,11 2,Lightweight,4,11, 2,4 ,2
Yancy Medeiros,31,70.866,The Kid,6 6 (1 NC),15 6 (1 NC),Lightweight,4,15, 6 ,6 ,6  
Leonardo Santos,39,72.8345,,5 0 1,16 3 1,Lightweight,4,16, 3 ,5 ,0 1
James Vick,32,75.19669999999999,The Texecutioner,9 3,13 3,Lightweight,4,13, 3,9 ,3
Alan Patrick,35,70.866,Nuguette,5 2,15 2,Lightweight,4,15, 2,5 ,2
Mairbek Taisumov,30,68.8975,Beckan,7 1,27 5,Lightweight,4,27, 5,7 ,1
Beneil Dariush,30,70.0786,,10 4 1,16 4 1,Lightweight,4,16, 4 ,10, 4 
Kevin Lee,26,68.8975,The Motown Phenom,10 4,17 4,Lightweight,4,17, 4,10, 4
Olivier Aubin-Mercier,30,68.8975,The Quebec Kid,7 4,11 4,Lightweight,4,11, 4,7 ,4
Alex White,30,72.0471,The Spartan,4 5,13 5,Lightweight,4,13, 5,4 ,5
Nick Hein,35,66.1416,Sergeant,4 3,14 4 (1 NC),Lightweight,4,14, 4 ,4 ,3
Alexander Yakovlev,34,75.19669999999999,Thunder of the North,3 4,24 8 1,Lightweight,4,24, 8 ,3 ,4
Dan Hooker,29,72.0471,The Hangman,7 4,17 8,Lightweight,4,17, 8,7 ,4
Carlos Diego Ferreira,34,68.11009999999999,,6 2,15 2,Lightweight,4,15, 2,6 ,2
Gilbert Burns,32,70.0786,Durinho,8 3,15 3,Lightweight,4,15, 3,8 ,3
Paul Felder,34,70.866,The Irish Dragon,8 4,16 4,Lightweight,4,16, 4,8 ,4
Gregor Gillespie,32,68.8975,The Gift,6 0,13 0,Lightweight,4,13, 0,6 ,0
Stevie Ray,29,70.0786,Braveheart,6 3,22 8,Lightweight,4,22, 8,6 ,3
Teemu Packalén,31,72.8345,Pacu,1 2,8 2,Lightweight,4,8 ,2,1 ,2
Islam Makhachev,27,70.0786,,6 1,17 1,Lightweight,4,17, 1,6 ,1
Magomed Mustafaev,30,68.8975,,3 1,14 2,Lightweight,4,14, 2,3 ,1
Joe Duffy,31,70.0786,Irish Joe,4 3,16 4,Lightweight,4,16, 4,4 ,3
Andrew Holbrook,33,70.866,,2 3,12 3,Lightweight,4,12, 3,2 ,3
Scott Holtzman,35,68.8975,Hot Sauce,5 3,12 3,Lightweight,4,12, 3,5 ,3
Joaquim Silva,30,68.11009999999999,Netto BJJ,4 1,11 1,Lightweight,4,11, 1,4 ,1
Chris Gruetzemacher,32,68.11009999999999,Gritz,2 2,14 3,Lightweight,4,14, 3,2 ,2
Ryan Hall,34,70.0786,The Wizard,3 0,7 1,Lightweight,4,7 ,1,3 ,0
David Teymur,30,68.8975,,5 1,8 2,Lightweight,4,8 ,2,5 ,1
Thibault Gouti,32,70.0786,GT,1 5,12 5,Lightweight,4,12, 5,1 ,5
Damir Hadžović,32,70.866,The Bosnian Bomber,3 2,13 4,Lightweight,4,13, 4,3 ,2
Darrell Horcher,31,70.0786,The Saint,1 3,13 4,Lightweight,4,13, 4,1 ,3
Polo Reyes,34,70.866,El Toro,4 2,8 5,Lightweight,4,8 ,5,4 ,2
Lando Vannata,27,68.8975,Groovy,2 3 2,10 3 2,Lightweight,4,10, 3 ,2 ,3 2
Jessin Ayari,26,72.0471,Abacus,1 2,16 5,Lightweight,4,16, 5,1 ,2
Jason Gonzalez,29,74.01559999999999,Nicoya,1 3,11 5,Lightweight,4,11, 5,1 ,3
Marc Diakiese,26,70.0786,Bonecrusher,4 3,13 3,Lightweight,4,13, 3,4 ,3
Claudio Puelles,23,70.866,El Niño,1 1,8 2,Lightweight,4,8 ,2,1 ,1
Devin Powell,31,72.0471,,1 3,9 4,Lightweight,4,9 ,4,1 ,3
Drakkar Klose,31,68.11009999999999,,4 1,10 1 1,Lightweight,4,10, 1 ,4 ,1
Davi Ramos,32,68.11009999999999,Tasmanian Devil,3 1,9 2,Lightweight,4,9 ,2,3 ,1
Desmond Green,29,70.0786,The Predator,2 3,22 8,Lightweight,4,22, 8,2 ,3
Jared Gordon,30,68.8975,Flash,2 2,14 3,Lightweight,4,14, 3,2 ,2
Justin Gaethje,30,70.866,The Highlight,3 2,20 2,Lightweight,4,20, 2,3 ,2
Alex Reyes,32,70.866,The Executioner,0 1,13 3,Lightweight,4,13, 3,0 ,1
Nasrat Haqparast,23,70.0786,,2 1,10 2,Lightweight,4,10, 2,2 ,1
Matt Frevola,28,68.8975,Steamrolla,1 1 1,7 1 1,Lightweight,4,7 ,1 1,1 ,1 1
Alexander Hernandez,26,68.8975,The Great,2 1,10 2,Lightweight,4,10, 2,2 ,1
Dan Moret,32,72.0471,The Hitman,0 2,13 5,Lightweight,4,13, 5,0 ,2
John Gunther,33,68.8975,The Machine,1 1,5 1,Lightweight,4,5 ,1,1 ,1
Allan Zuniga,27,66.92899999999999,Trigre,0 1,13 1,Lightweight,4,13, 1,0 ,1
Michael Trizano,27,70.866,The Lone Wolf,2 0,8 0,Lightweight,4,8 ,0,2 ,0
Christos Giagos,29,70.0786,The Spartan,2 3,16 7,Lightweight,4,16, 7,2 ,3
Te Edwards,28,68.11009999999999,T,0 2,6 3,Lightweight,4,6 ,3,0 ,2
Don Madge,28,72.0471,Magic Man,1 0,8 3 1,Lightweight,4,8 ,3 1,1 ,0
Devonte Smith,25,68.11009999999999,King Kage,2 0,10 1,Lightweight,4,10, 1,2 ,0
Thiago Moises,24,68.8975,,0 1,11 3,Lightweight,4,11, 3,0 ,1
Jesus Pinedo,22,70.0786,El Mudo,1 1,16 5 1,Lightweight,4,16, 5 ,1 ,1
Roosevelt Roberts,25,72.8345,The Predator,2 0,8 0,Lightweight,4,8 ,0,2 ,0
Alex Gorgees,23,74.01559999999999,Hitman,0 1,6 1,Lightweight,4,6 ,1,0 ,1
Jalin Turner,23,75.19669999999999,The Tarantula,1 2,8 5,Lightweight,4,8 ,5,1 ,2
Damir Ismagulov,28,70.0786,,2 0,18 2,Lightweight,4,18, 2,2 ,0
Marcos Rosa Mariano,32,72.8345,Dhalsim,0 1,6 5,Lightweight,4,6 ,5,0 ,1
Callan Potter,34,72.8345,The Rockstar,0 1,17 8,Lightweight,4,17, 8,0 ,1
Joel Alvarez,26,72.0471,El Fenomeno,0 1,15 2,Lightweight,4,15, 2,0 ,1
Rafael Fiziev,26,68.11009999999999,Ataman,0 1,6 1,Lightweight,4,6 ,1,0 ,1
Alex da Silva Coelho,23,70.0786,Leko,0 1,20 2,Lightweight,4,20, 2,0 ,1
Arman Tsarukyan,22,68.8975,,0 1,13 2,Lightweight,4,13, 2,0 ,1
Thomas Gifford,26,72.8345,The Young Lion,0 1,14 8 (2 NC),Lightweight,4,14, 8 ,0 ,1
Mike Davis,26,72.0471,Beast Boy,0 1,6 2,Lightweight,4,6 ,2,0 ,1
Gilbert Melendez,37,68.8975,El Niño,7 5,22 7,Featherweight,5,22, 7,7 ,5
Frankie Edgar,37,66.1416,The Answer,17 6 1,23 6 1,Featherweight,5,23, 6 ,17, 6 
Cub Swanson,35,66.92899999999999,Killer,15 10,25 11,Featherweight,5,25, 11,15, 10
Jeremy Stephens,32,68.11009999999999,Lil' Heathen,15 15,28 16,Featherweight,5,28, 16,15, 15
José Aldo,32,66.92899999999999,Junior,18 3,28 4,Featherweight,5,28, 4,18, 3
Ricardo Lamas,36,66.92899999999999,The Bully,14 7,19 7,Featherweight,5,19, 7,14, 7
Darren Elkins,34,70.0786,The Damage,14 6,24 7,Featherweight,5,24, 7,14, 6
Chan Sung Jung,32,68.8975,The Korean Zombie,4 4,14 5,Featherweight,5,14, 5,4 ,4
Michael Johnson,32,68.8975,The Menace,11 10,19 14,Featherweight,5,19, 14,11, 10
Alex Caceres,30,70.0786,Bruce Leeroy,9 10 (1 NC),14 12 (1 NC),Featherweight,5,14, 12,9 ,10 
Max Holloway,27,70.866,Blessed,16 4,20 4,Featherweight,5,20, 4,16, 4
Myles Jury,30,70.866,The Fury,8 4,17 4,Featherweight,5,17, 4,8 ,4
Kurt Holobaugh,32,70.866,,0 4,17 6 (1 NC),Featherweight,5,17, 6 ,0 ,4
Andre Fili,28,70.866,Touchy,7 5,19 6,Featherweight,5,19, 6,7 ,5
Zubaira Tukhugov,28,68.11009999999999,Warrior,3 1,18 4,Featherweight,5,18, 4,3 ,1
Mirsad Bektić,28,68.11009999999999,,6 1,13 1,Featherweight,5,13, 1,6 ,1
Chas Skelly,33,70.866,The Scrapper,6 4,17 4,Featherweight,5,17, 4,6 ,4
Brian Ortega,28,68.11009999999999,T-City,6 1 (1 NC),14 1 (1 NC),Featherweight,5,14, 1 ,6 ,1  
Charles Rosa,32,68.8975,Boston Strong,2 3,11 3,Featherweight,5,11, 3,2 ,3
Gabriel Benítez,30,68.11009999999999,Moggly,5 2,21 6,Featherweight,5,21, 6,5 ,2
Yair Rodríguez,26,70.866,El Pantera,7 1,11 2,Featherweight,5,11, 2,7 ,1
Doo Ho Choi,28,70.0786,The Korean Superboy,3 2,14 3,Featherweight,5,14, 3,3 ,2
Renato Moicano,29,70.866,Moicano,5 2,13 2 1,Featherweight,5,13, 2 ,5 ,2
Makwan Amirkhani,30,70.0786,Mr. Finland,4 1,14 3,Featherweight,5,14, 3,4 ,1
Arnold Allen,25,68.11009999999999,Almighty,5 0,14 1,Featherweight,5,14, 1,5 ,0
Enrique Barzola,30,66.92899999999999,El Fuerte,5 2,15 4 1,Featherweight,5,15, 4 ,5 ,2
Kyle Bochniak,32,66.92899999999999,Crash,2 4,8 4,Featherweight,5,8 ,4,2 ,4
Josh Emmett,34,66.92899999999999,,5 2,14 2,Featherweight,5,14, 2,5 ,2
Jordan Rinaldi,31,70.0786,All Day,2 3,14 7,Featherweight,5,14, 7,2 ,3
Rick Glenn,30,72.0471,The Gladiator,3 3,21 6 1,Featherweight,5,21, 6 ,3 ,3
Martin Bravo,25,68.11009999999999,El Toro,1 2,11 2,Featherweight,5,11, 2,1 ,2
Alexander Volkanovski,30,66.1416,The Great,6 0,19 1,Featherweight,5,19, 1,6 ,0
Shane Burgos,28,70.866,Hurricane,5 1,12 1,Featherweight,5,12, 1,5 ,1
Gavin Tucker,32,66.92899999999999,The Newfoundland Terror,1 1,10 1,Featherweight,5,10, 1,1 ,1
Daniel Teymur,31,66.92899999999999,Kid Dynamite,0 3,6 3,Featherweight,5,6 ,3,0 ,3
Danny Henry,30,70.866,The Hatchet,2 1,12 3,Featherweight,5,12, 3,2 ,1
Calvin Kattar,31,70.866,The Boston Finisher,3 1,19 3,Featherweight,5,19, 3,3 ,1
Humberto Bandenay,24,72.8345,,1 2,14 6 (1 NC),Featherweight,5,14, 6 ,1 ,2
Zabit Magomedsharipov,28,72.8345,Za Beast,5 0,17 1,Featherweight,5,17, 1,5 ,0
Shane Young,25,68.11009999999999,Sugar,2 1,13 4,Featherweight,5,13, 4,2 ,1
Wang Guan,33,70.866,The Dongbei Tiger,1 0,17 1 1,Featherweight,5,17, 1 ,1 ,0
Sheymon Moraes,28,68.11009999999999,,2 2,11 3,Featherweight,5,11, 3,2 ,2
Julio Arce,29,66.92899999999999,,2 1,15 3,Featherweight,5,15, 3,2 ,1
Dan Ige,27,66.92899999999999,Dynamite,3 1,11 2,Featherweight,5,11, 2,3 ,1
Austin Arnett,27,72.0471,The Golden Boy,1 3,16 6,Featherweight,5,16, 6,1 ,3
Steven Peterson,28,68.8975,Ocho,1 2,17 8,Featherweight,5,17, 8,1 ,2
Hakeem Dawodu,27,68.11009999999999,Mean,2 1,9 1 1,Featherweight,5,9 ,1 1,2 ,1
Tyler Diamond,28,66.92899999999999,,0 1,9 1,Featherweight,5,9 ,1,0 ,1
Bryce Mitchell,24,70.0786,Thug Nasty,2 0,11 0,Featherweight,5,11, 0,2 ,0
Luis Peña,25,75.19669999999999,Violent Bob Ross,2 1,6 1,Featherweight,5,6 ,1,2 ,1
Nad Narimani,32,68.11009999999999,,2 1,12 3,Featherweight,5,12, 3,2 ,1
Matt Sayles,25,66.92899999999999,Robo,1 1,8 2,Featherweight,5,8 ,2,1 ,1
Kyle Nelson,28,70.866,The Monster,0 2,12 3,Featherweight,5,12, 3,0 ,2
Chris Fishgold,26,68.11009999999999,,1 1,18 2 1,Featherweight,5,18, 2 ,1 ,1
Bobby Moffett,28,70.0786,The Wolfman,1 1,14 4,Featherweight,5,14, 4,1 ,1
Julian Erosa,29,72.0471,Juicy J,0 2,22 7,Featherweight,5,22, 7,0 ,2
Anderson dos Santos,33,66.92899999999999,Berinja,0 1,20 7,Featherweight,5,20, 7,0 ,1
Kevin Aguilar,30,66.92899999999999,The Angel of Death,2 0,17 1,Featherweight,5,17, 1,2 ,0
Suman Mokhtarian,26,70.0786,,0 1,8 1,Featherweight,5,8 ,1,0 ,1
Sodiq Yusuff,25,68.8975,Super,2 0,9 1,Featherweight,5,9 ,1,2 ,0
Jordan Griffin,29,70.0786,The Native Psycho,0 1,17 6,Featherweight,5,17, 6,0 ,1
Geraldo de Freitas,27,68.8975,Espartano,1 0,12 4,Featherweight,5,12, 4,1 ,0
Felipe Colares,25,68.8975,Cabocao,0 1,8 1,Featherweight,5,8 ,1,0 ,1
Kron Gracie,30,68.8975,Ice Cream,1 0,5 0,Featherweight,5,5 ,0,1 ,0
Grant Dawson,25,70.0786,The Prophet,1 0,13 1,Featherweight,5,13, 1,1 ,0
Mike Grundy,32,68.11009999999999,,1 0,12 1,Featherweight,5,12, 1,1 ,0
Eddie Wineland,34,68.11009999999999,,9 9,23 13 1,Bantamweight,6,23, 13,9 ,9
Rani Yahya,34,66.1416,,15 7 (1 NC),26 10 (1 NC),Bantamweight,6,26, 10,15, 7 
Dominick Cruz,34,68.11009999999999,Dominator,12 2,22 2,Bantamweight,6,22, 2,12, 2
Bryan Caraway,34,68.11009999999999,Kid Lightning,6 6,21 9,Bantamweight,6,21, 9,6 ,6
Raphael Assunção,36,64.9605,,14 5,27 6,Bantamweight,6,27, 6,14, 5
Renan Barão,32,66.1416,The Baron,11 7,34 8 (1 NC),Bantamweight,6,34, 8 ,11, 7
Iuri Alcântara,38,68.8975,Marajó,11 7 (1 NC),35 10 (1 NC),Bantamweight,6,35, 10,11, 7 
Johnny Eduardo,38,68.11009999999999,,3 4,28 12,Bantamweight,6,28, 12,3 ,4
John Dodson,34,62.992,The Magician,9 6,20 11,Bantamweight,6,20, 11,9 ,6
TJ Dillashaw,33,66.1416,,12 4,16 4,Bantamweight,6,16, 4,12, 4
John Lineker,28,62.992,Hands of Stone,12 4,31 9,Bantamweight,6,31, 9,12, 4
Mitch Gagnon,34,64.9605,,4 4,12 5,Bantamweight,6,12, 5,4 ,4
Kyung Ho Kang,31,68.8975,Mr. Perfect,4 2 (1 NC),15 8 (1 NC),Bantamweight,6,15, 8 ,4 ,2  
Sergio Pettis,25,66.1416,S.P.,8 5,17 5,Bantamweight,6,17, 5,8 ,5
Davey Grant,33,68.11009999999999,Dangerous,1 3,10 4,Bantamweight,6,10, 4,1 ,3
Teruto Ishihara,27,66.92899999999999,Yashabo,3 5 1,10 7 2,Bantamweight,6,10, 7 ,3 ,5 1
Douglas Silva de Andrade,33,66.92899999999999,D'Silva,3 3,25 3 (1 NC),Bantamweight,6,25, 3 ,3 ,3
Aljamain Sterling,29,66.92899999999999,Funk Master,9 3,17 3,Bantamweight,6,17, 3,9 ,3
Pedro Munhoz,32,66.1416,The Young Punisher,8 3 (1 NC),18 3 (1 NC),Bantamweight,6,18, 3 ,8 ,3  
Patrick Williams,37,68.11009999999999,The Animal,1 3,8 6,Bantamweight,6,8 ,6,1 ,3
Louis Smolka,27,68.8975,Da Last Samurai,5 6,14 6,Bantamweight,6,14, 6,5 ,6
Rob Font,31,68.11009999999999,,6 3,16 4,Bantamweight,6,16, 4,6 ,3
Frankie Saenz,38,66.1416,,5 4,13 6,Bantamweight,6,13, 6,5 ,4
Thomas Almeida,27,66.92899999999999,Thominhas,5 3,21 3,Bantamweight,6,21, 3,5 ,3
Henry Briones,38,66.92899999999999,Bure,1 4,16 8 1,Bantamweight,6,16, 8 ,1 ,4
Guido Cannetti,39,66.1416,Ninja,2 3,8 4,Bantamweight,6,8 ,4,2 ,3
Alejandro Pérez,29,66.1416,Turbo,7 2 1,21 7 1,Bantamweight,6,21, 7 ,7 ,2 1
José Alberto Quiñónez,28,68.11009999999999,Teco,4 1,7 2,Bantamweight,6,7 ,2,4 ,1
Marlon Vera,26,68.11009999999999,Chito,13 5 1,,Bantamweight,6,na,n,13, 5 
Cody Garbrandt,27,66.92899999999999,No Love,6 3,11 3,Bantamweight,6,11, 3,6 ,3
Jimmie Rivera,29,64.17309999999999,El Terror,6 2,22 3,Bantamweight,6,22, 3,6 ,2
Luke Sanders,33,66.92899999999999,Cool Hand,3 2,13 2,Bantamweight,6,13, 2,3 ,2
Matthew Lopez,32,66.92899999999999,,2 4,10 4,Bantamweight,6,10, 4,2 ,4
Brett Johns,27,66.92899999999999,The Pikey,3 2,15 2,Bantamweight,6,15, 2,3 ,2
Kwan Ho Kwak,29,66.92899999999999,Handsome,0 2,9 2,Bantamweight,6,9 ,2,0 ,2
Matt Schnell,29,68.11009999999999,Danger,3 2,12 4,Bantamweight,6,12, 4,3 ,2
Ricardo Ramos,23,68.8975,,3 1,12 2,Bantamweight,6,12, 2,3 ,1
Aiemann Zahabi,31,68.11009999999999,,1 2,7 2,Bantamweight,6,7 ,2,1 ,2
Andre Soukhamthath,30,68.8975,The Asian Sensation,2 4,13 7,Bantamweight,6,13, 7,2 ,4
Tom Duquesnoy,25,66.92899999999999,Firekid,2 1,16 2 (1 NC),Bantamweight,6,16, 2 ,2 ,1
Brian Kelleher,32,66.1416,Boom,3 3,19 10,Bantamweight,6,19, 10,3 ,3
Marlon Moraes,31,66.1416,Magic,4 1,23 5 1,Bantamweight,6,23, 5 ,4 ,1
Cody Stamann,29,66.1416,The Spartan,4 1,18 2,Bantamweight,6,18, 2,4 ,1
Bharat Kandare,29,66.92899999999999,Daring,0 1,5 3,Bantamweight,6,5 ,3,0 ,1
Cory Sandhagen,27,70.866,,4 0,11 1,Bantamweight,6,11, 1,4 ,0
Song Yadong,24,66.1416,The Terminator,3 0,13 3 (2 NC),Bantamweight,6,13, 3 ,3 ,0
Wuliji Buren,29,68.11009999999999,Beast Master,0 3,9 6,Bantamweight,6,9 ,6,0 ,3
Sean O'Malley,24,70.866,Sugar,2 0,10 0,Bantamweight,6,10, 0,2 ,0
Merab Dvalishvili,28,66.1416,,2 2,9 4,Bantamweight,6,9 ,4,2 ,2
Benito Lopez,25,70.0786,Golden Boy,1 1,9 1,Bantamweight,6,9 ,1,1 ,1
Alex Perez,26,64.17309999999999,,3 1,21 5,Bantamweight,6,21, 5,3 ,1
Mark De La Rosa,24,66.1416,The Bumblebee,11 1,,Bantamweight,6,na,n,11, 1
Brandon Davis,29,70.0786,Killer B,2 3,10 5,Bantamweight,6,10, 5,2 ,3
Manny Bermudez,24,66.1416,The Bermudez Triangle,3 0,13 0,Bantamweight,6,13, 0,3 ,0
Ricky Simon,26,66.1416,,3 0,15 1,Bantamweight,6,15, 1,3 ,0
Nathaniel Wood,25,66.1416,The Prospect,3 0,16 3,Bantamweight,6,16, 3,3 ,0
Brad Katona,27,66.1416,Superman,2 1,8 1,Bantamweight,6,8 ,1,2 ,1
Raoni Barcelos,32,66.92899999999999,,2 0,13 1,Bantamweight,6,13, 1,2 ,0
Petr Yan,26,66.92899999999999,No Mercy,5 0,13 1,Bantamweight,6,13, 1,5 ,0
Said Nurmagomedov,27,68.11009999999999,,2 0,13 1,Bantamweight,6,13, 1,2 ,0
Pingyuan Liu,26,66.1416,,2 0,13 5,Bantamweight,6,13, 5,2 ,0
Khalid Taha,27,66.92899999999999,,1 1,13 2,Bantamweight,6,13, 2,1 ,1
Montel Jackson,27,70.0786,Quik,2 1,8 3,Bantamweight,6,8 ,3,2 ,1
Jin Soo Son,26,66.1416,,0 1,9 3,Bantamweight,6,9 ,3,0 ,1
Andre Ewell,31,70.866,Mr. Highlight,1 1,14 5,Bantamweight,6,14, 5,1 ,1
Jonathan Martinez,32,66.92899999999999,Dragon,1 1,10 2,Bantamweight,6,10, 2,1 ,1
Mudaerji Su,23,68.11009999999999,Tibetan Eagle,0 1,8 2,Bantamweight,6,8 ,2,0 ,1
Martin Day,30,68.8975,The Spartan,0 1,8 3,Bantamweight,6,8 ,3,0 ,1
Vince Morales,28,66.92899999999999,Vandetta,1 1,9 3,Bantamweight,6,9 ,3,1 ,1
Chris Gutierrez,28,68.11009999999999,El Guapo,1 1,13 4,Bantamweight,6,13, 4,1 ,1
Mario Bautista,25,68.8975,,0 1,6 1,Bantamweight,6,6 ,1,0 ,1
Ryan MacDonald,26,70.866,,0 1,10 1,Bantamweight,6,10, 1,0 ,1
Randy Costa,24,70.0786,The Zohan,0 1,4 1,Bantamweight,6,4 ,1,0 ,1
Boston Salmon,28,68.8975,Bom Bom,0 1,6 2,Bantamweight,6,6 ,2,0 ,1
Movsar Evolev,25,68.11009999999999,,1 0,11 0,Bantamweight,6,11, 0,1 ,0
Seung Woo Choi,26,70.866,,0 1,7 2,Bantamweight,6,7 ,2,0 ,1
Cole Smith,30,70.866,The Cole Train,1 0,7 0,Bantamweight,6,7 ,0,1 ,0
Joseph Benavidez,34,64.17309999999999,,19 5,27 5,Flyweight,7,27, 5,19, 5
Tim Elliott,32,66.92899999999999,,4 6,15 8 1,Flyweight,7,15, 8 ,4 ,6
Jussier Formiga,34,64.9605,Formiga,9 4,23 5,Flyweight,7,23, 5,9 ,4
Ryan Benoit,29,64.9605,Baby Face,3 3,10 5,Flyweight,7,10, 5,3 ,3
Wilson Reis,34,64.17309999999999,,7 6,23 10,Flyweight,7,23, 10,7 ,6
Henry Cejudo,32,64.17309999999999,The Messenger,8 2,14 2,Flyweight,7,14, 2,8 ,2
Alexandre Pantoja,29,64.9605,The Cannibal,5 1,21 3,Flyweight,7,21, 3,5 ,1
Eric Shelton,28,66.1416,Showtime,2 4,12 6,Flyweight,7,12, 6,2 ,4
Deiveson Figueiredo,31,64.9605,Deus da Guerra,4 1,15 1,Flyweight,7,15, 1,4 ,1
Ashkan Mokhtarian,33,66.1416,The Assassin,0 2,13 3,Flyweight,7,13, 3,0 ,2
Joseph Morales,24,66.1416,Bopo,1 2,9 2,Flyweight,7,9 ,2,1 ,2
Kai Kara France,26,64.9605,,2 0,19 7 (1 NC),Flyweight,7,19, 7 ,2 ,0
Rogerio Bontorin,27,64.9605,,1 0,15 1,Flyweight,7,15, 1,1 ,0
Raulian Paiva Franzao,23,66.1416,,0 1,18 2,Flyweight,7,18, 2,0 ,1
Jordan Espinosa,29,66.92899999999999,,1 0,14 5 (1 NC),Flyweight,7,14, 5 ,1 ,0
Cat Zingano,36,66.1416,Alpha,3 4,10 4,"Women""s Featherweight",8,10, 4,3 ,4
Amanda Nunes,30,68.11009999999999,The Lioness,11 2,17 4,"Women""s Featherweight",8,17, 4,11, 2
Holly Holm,37,68.11009999999999,The Preacher's Daughter,5 4,12 4,"Women""s Featherweight",8,12, 4,5 ,4
Cris Cyborg,33,68.11009999999999,Cyborg,9 1 (1 NC),20 2 (1 NC),"Women""s Featherweight",8,20, 2 ,9 ,1  
Megan Anderson,29,72.0471,,1 1,9 3,"Women""s Featherweight",8,9 ,3,1 ,1
Leah Letson,26,66.92899999999999,Nidas,1 0,4 1,"Women""s Featherweight",8,4 ,1,1 ,0
Julija Stoliarenko,26,66.92899999999999,,0 1,4 2,"Women""s Featherweight",8,4 ,2,0 ,1
Germaine de Randamie,35,68.8975,The Iron Lady,6 2,8 3,"Women""s Bantamweight",9,8 ,3,6 ,2
Sara McMann,38,66.1416,,5 5,11 5,"Women""s Bantamweight",9,11, 5,5 ,5
Amanda Nunes,30,68.11009999999999,The Lioness,11 2,17 4,"Women""s Bantamweight",9,17, 4,11, 2
Raquel Pennington,30,66.92899999999999,Rocky,6 4,9 5,"Women""s Bantamweight",9,9 ,5,6 ,4
Julianna Peña,29,66.92899999999999,The Venezuelan Vixen,4 1,8 3,"Women""s Bantamweight",9,8 ,3,4 ,1
Bethe Correia,35,64.9605,Pitbull,4 3 1,10 3 1,"Women""s Bantamweight",9,10, 3 ,4 ,3 1
Sarah Moras,31,66.92899999999999,Cheesecake,2 4,5 5,"Women""s Bantamweight",9,5 ,5,2 ,4
Marion Reneau,41,66.1416,The Belizean Bruiser,5 4 1,9 5 1,"Women""s Bantamweight",9,9 ,5 1,5 ,4 1
Holly Holm,37,68.11009999999999,The Preacher's Daughter,5 4,12 4,"Women""s Bantamweight",9,12, 4,5 ,4
Lina Länsberg,37,66.92899999999999,Elbow Queen,2 3,8 4,"Women""s Bantamweight",9,8 ,4,2 ,3
Ketlen Vieira,27,68.11009999999999,Fenômeno,4 0,10 0,"Women""s Bantamweight",9,10, 0,4 ,0
Irene Aldana,31,68.8975,,2 2,9 4,"Women""s Bantamweight",9,9 ,4,2 ,2
Gina Mazany,30,66.1416,Danger,1 3,5 3,"Women""s Bantamweight",9,5 ,3,1 ,3
Tonya Evinger,37,66.92899999999999,Triple Threat,0 2,19 7 (1 NC),"Women""s Bantamweight",9,19, 7 ,0 ,2
Yana Kunitskaya,29,66.1416,Foxy,2 1,12 4,"Women""s Bantamweight",9,12, 4,2 ,1
Amanda Lemos,21,64.17309999999999,,0 1,6 1 1,"Women""s Bantamweight",9,6 ,1 1,0 ,1
Talita Bernardo,32,64.17309999999999,,1 2,6 3,"Women""s Bantamweight",9,6 ,3,1 ,2
Aspen Ladd,24,66.1416,,2 0,7 0,"Women""s Bantamweight",9,7 ,0,2 ,0
Macy Chiasson,27,68.8975,,3 0,5 0,"Women""s Bantamweight",9,5 ,0,3 ,0
Liz Carmouche,35,66.1416,Girlrilla,5 5,13 6,"Women""s Flyweight",10,13, 6,5 ,5
Alexis Davis,34,66.1416,Ally-Gator,8 5,19 9,"Women""s Flyweight",10,19, 9,8 ,5
Jessica Eye,32,66.1416,Evil,4 5 (1 NC),14 6 (1 NC),"Women""s Flyweight",10,14, 6 ,4 ,5  
Roxanne Modafferi,36,66.1416,The Happy Warrior,2 3,23 15,"Women""s Flyweight",10,23, 15,2 ,3
Joanna Jędrzejczyk,31,66.1416,,9 3,15 3,"Women""s Flyweight",10,15, 3,9 ,3
Lauren Murphy,35,66.92899999999999,Lucky,2 4,10 4,"Women""s Flyweight",10,10, 4,2 ,4
Paige VanZant,25,64.17309999999999,12 Gauge,5 3,8 4,"Women""s Flyweight",10,8 ,4,5 ,3
Ashlee Evans-Smith,31,68.11009999999999,Rebel Girl,3 4,6 4,"Women""s Flyweight",10,6 ,4,3 ,4
Maryna Moroz,27,66.92899999999999,The Iron Lady,4 3,9 3,"Women""s Flyweight",10,9 ,3,4 ,3
Valentina Shevchenko,31,64.9605,Bullet,5 2,16 3,"Women""s Flyweight",10,16, 3,5 ,2
Justine Kish,31,64.9605,,2 2,6 2,"Women""s Flyweight",10,6 ,2,2 ,2
Katlyn Chookagian,30,68.8975,Blonde Fighter,4 2,11 2,"Women""s Flyweight",10,11, 2,4 ,2
JJ Aldrich,26,64.9605,,3 2,7 3,"Women""s Flyweight",10,7 ,3,3 ,2
Joanne Calderwood,32,66.1416,JoJo,5 3,13 3,"Women""s Flyweight",10,13, 3,5 ,3
Veronica Macedo,23,62.992,,0 3,5 3 1,"Women""s Flyweight",10,5 ,3 1,0 ,3
Lucie Pudilová,24,68.11009999999999,Bullet,2 3,8 4,"Women""s Flyweight",10,8 ,4,2 ,3
Ji Yeon Kim,29,66.1416,Firefist,2 2,8 2 2,"Women""s Flyweight",10,8 ,2 2,2 ,2
Mara Romero Borella,33,66.1416,Maravilla,2 1,12 5 (2 NC),"Women""s Flyweight",10,12, 5 ,2 ,1
Kalindra Faria,32,64.9605,,0 3,18 8 1,"Women""s Flyweight",10,18, 8 ,0 ,3
Poliana Botelho,30,68.11009999999999,,3 1,8 2,"Women""s Flyweight",10,8 ,2,3 ,1
Jessica-Rose Clark,31,64.17309999999999,Jessy Jess,2 1,9 5 (1 NC),"Women""s Flyweight",10,9 ,5  ,2 ,1
Wu Yanan,23,68.8975,Mulan,1 1,10 2,"Women""s Flyweight",10,10, 2,1 ,1
Nadia Kassem,23,66.92899999999999,187,1 1,5 1,"Women""s Flyweight",10,5 ,1,1 ,1
Nicco Montaño,30,64.9605,,1 0,4 2,"Women""s Flyweight",10,4 ,2,1 ,0
Melinda Fábián,31,66.1416,,0 1 1,4 4 2,"Women""s Flyweight",10,4 ,4 2,0 ,1 1
Montana De La Rosa,24,66.92899999999999,,3 0,10 4,"Women""s Flyweight",10,10, 4,3 ,0
Rachael Ostovich,28,62.992,,1 2,4 5,"Women""s Flyweight",10,4 ,5,1 ,2
Shana Dobson,30,66.1416,Danger,1 1,3 2,"Women""s Flyweight",10,3 ,2,1 ,1
Gillian Robertson,23,61.8109,The Savage,3 1,6 3,"Women""s Flyweight",10,6 ,3,3 ,1
Priscila Cachoeira,30,66.92899999999999,Zombie Girl,0 2,8 2,"Women""s Flyweight",10,8 ,2,0 ,2
Lauren Mueller,27,64.9605,Princess Tiger,1 2,5 2,"Women""s Flyweight",10,5 ,2,1 ,2
Andrea Lee,30,66.1416,KGB,2 0,10 2,"Women""s Flyweight",10,10, 2,2 ,0
Molly McCann,29,64.17309999999999,Meatball,1 1,8 2,"Women""s Flyweight",10,8 ,2,1 ,1
Sijara Eubanks,34,64.17309999999999,SarJ,2 0,4 2,"Women""s Flyweight",10,4 ,2,2 ,0
Jennifer Maia,30,64.17309999999999,,1 1,16 5 1,"Women""s Flyweight",10,16, 5 ,1 ,1
Mayra Bueno Silva,27,66.1416,Sheetara,1 0,5 0,"Women""s Flyweight",10,5 ,0,1 ,0
Maycee Barber,20,66.92899999999999,The Future,2 0,7 0,"Women""s Flyweight",10,7 ,0,2 ,0
Antonina Shevchenko,34,68.11009999999999,Pantera,1 1,7 1,"Women""s Flyweight",10,7 ,1,1 ,1
Ariane Lipski,25,66.1416,Violence Queen,0 1,11 4,"Women""s Flyweight",10,11, 4,0 ,1
Taila Santos,25,64.9605,,0 1,15 1,"Women""s Flyweight",10,15, 1,0 ,1
Sabina Mazo,22,66.92899999999999,Colombian Queen,0 1,6 1,"Women""s Flyweight",10,6 ,1,0 ,1
Jéssica Andrade,27,61.8109,Bate Estaca,10 4,19 6,"Women""s Strawweight",11,19, 6,10, 4
Cláudia Gadelha,30,64.17309999999999,Cláudinha,5 4,16 4,"Women""s Strawweight",11,16, 4,5 ,4
Nina Ansaroff,33,64.9605,The Strina,4 2,10 5,"Women""s Strawweight",11,10, 5,4 ,2
Carla Esparza,31,61.0235,Cookie Monster,5 4,14 6,"Women""s Strawweight",11,14, 6,5 ,4
Rose Namajunas,26,64.9605,Thug,6 2,8 3,"Women""s Strawweight",11,8 ,3,6 ,2
Jessica Penne,36,64.9605,,1 3,12 5,"Women""s Strawweight",11,12, 5,1 ,3
Randa Markos,33,64.17309999999999,Quiet Storm,5 5 1,9 6,"Women""s Strawweight",11,9 ,6,5 ,5 1
Felice Herrig,34,64.17309999999999,Lil' Bulldog,5 3,14 8,"Women""s Strawweight",11,14, 8,5 ,3
Tecia Torres,29,61.0235,The Tiny Tornado,6 4,10 3,"Women""s Strawweight",11,10, 3,6 ,4
Alex Chambers,40,62.992,Astro Girl,1 4,5 5,"Women""s Strawweight",11,5 ,5,1 ,4
Angela Hill,32,62.992,Overkill,4 6,9 6,"Women""s Strawweight",11,9 ,6,4 ,6
Alexandra Albu,28,62.992,Stitch,2 1,3 1,"Women""s Strawweight",11,3 ,1,2 ,1
Michelle Waterson,33,62.992,The Karate Hottie,5 2,17 6,"Women""s Strawweight",11,17, 6,5 ,2
Cortney Casey,32,66.92899999999999,Cast Iron,4 6,8 7,"Women""s Strawweight",11,8 ,7,4 ,6
Jessica Aguilar,37,64.17309999999999,Jag,1 4,20 8,"Women""s Strawweight",11,20, 8,1 ,4
Karolina Kowalkiewicz,33,62.992,Polish Princess,12 4,,"Women""s Strawweight",11,na,n,12, 4
Tatiana Suarez,28,64.9605,,4 0,7 0,"Women""s Strawweight",11,7 ,0,4 ,0
Amanda Cooper,27,62.992,ABC,2 4,3 5,"Women""s Strawweight",11,3 ,5,2 ,4
Alexa Grasso,25,64.9605,,2 2,10 2,"Women""s Strawweight",11,10, 2,2 ,2
Ashley Yoder,31,66.92899999999999,Spider Monkey,1 3,6 4,"Women""s Strawweight",11,6 ,4,1 ,3
Cynthia Calvillo,31,64.17309999999999,,5 1,8 1,"Women""s Strawweight",11,8 ,1,5 ,1
Syuri Kondo,30,64.17309999999999,,1 2,6 2,"Women""s Strawweight",11,6 ,2,1 ,2
Jodie Esquibel,33,61.0235,,0 3,6 5,"Women""s Strawweight",11,6 ,5,0 ,3
Yan Xiaonan,29,64.9605,Nine,3 0,9 1 (1 NC),"Women""s Strawweight",11,9 ,1  ,3 ,0
Emily Whitmire,27,64.9605,Spitfire,2 1,4 2,"Women""s Strawweight",11,4 ,2,2 ,1
Polyana Viana,26,66.92899999999999,Dama de Ferro,1 2,10 3,"Women""s Strawweight",11,10, 3,1 ,2
Maia Stevenson,37,64.17309999999999,,0 1,6 5,"Women""s Strawweight",11,6 ,5,0 ,1
Mackenzie Dern,26,62.992,,2 0,7 0,"Women""s Strawweight",11,7 ,0,2 ,0
Weili Zhang,29,62.992,,3 0,19 1,"Women""s Strawweight",11,19, 1,3 ,0
Livia Renata Souza,28,64.17309999999999,Livinha,2 0,13 1,"Women""s Strawweight",11,13, 1,2 ,0
Marina Rodriguez,32,66.92899999999999,,1 0 1,11 0 1,"Women""s Strawweight",11,11, 0 ,1 ,0 1
Hannah Cifers,26,61.0235,Shockwave,1 1,9 3,"Women""s Strawweight",11,9 ,3,1 ,1
Sarah Frota,32,66.1416,A Treta,0 1,9 1,"Women""s Strawweight",11,9 ,1,0 ,1
Virna Jandiroba,30,62.992,Carcará,0 1,14 1,"Women""s Strawweight",11,14, 1,0 ,1
